key	grade	disposition	route
canary-seeded-claim	refuted	open	recorded
r1-doc-list-unreadable-entry-fails-listing	refuted	open	recorded
r1-doc-list-staged-arm-unreadable-entry	refuted	open	recorded
r1-read-verb-writes-invocation-log-unnamed	no-break	open	recorded
r1-invocation-log-write-follows-link	needs-bound	open	human
r1-doc-list-served-from-no-checkout-home	no-break	open	recorded
r1-setup-installs-outside-work-tree	confirmed	open	human
r1-read-verb-fence-one-form-of-doc-list	no-break	open	recorded
r1-doc-list-non-utf8-path-drops-orphan-rows	no-break	open	recorded
r1-validate-non-utf8-path-drops-blocking-orphan	refuted	open	recorded
r1-served-from-note-nested-worktree-path	no-break	open	recorded
r1-task-read-before-setup-answers-no-task	no-break	open	recorded
r1-doc-list-prints-id-doc-show-refuses	refuted	open	recorded
r1-doc-list-reads-through-link-out-of-repo	no-break	open	recorded
r1-doc-list-fsmonitor-cookie-mtime	no-break	open	recorded
r1-non-utf8-path-other-orphan-walk-consumers	refuted	open	recorded
r1-doc-list-cells-driven-on-one-platform	no-break	open	recorded
r1-finalize-may-commit-redirected-log-record	refuted	open	recorded
r1-uninstall-log-append-through-live-link	refuted	open	recorded
r1-run-session-refuses-scripted-arm-without-credential	no-break	open	recorded
r1-arm-control-does-not-reach-changed-path	no-break	open	recorded
r1-walk-arm-runs-in-caller-dir-outside-container	no-break	open	recorded
r1-observe-exits-1-on-scripted-arm-evidence	no-break	open	recorded
r1-config-set-leaves-manifest-untracked	no-break	open	recorded
r1-provenance-names-model-no-session-used	no-break	open	recorded
r1-control-pass-counts-failed-read	no-break	open	recorded
r1-run-session-exits-0-when-arm-fails	no-break	open	recorded
r1-arm-evidence-git-dir-touched-after-run	no-break	open	recorded
r1-scope-registry-is-the-scope-steps-choice	no-break	open	recorded
r1-scope-other-registries-unread-two-changed	refuted	open	recorded
r1-scope-47-doors-reached-and-excluded	no-break	open	recorded
r1-scope-control-arm-drives-excluded-doors	no-break	open	recorded
r1-scope-never-selected-lists-row-before-test	no-break	open	recorded
r1-scope-change-sits-on-committed-arm-only	no-break	open	recorded
r1-doc-read-surface-silent-on-unreadable-instance	no-break	open	recorded
r1-validate-clean-over-store-doc-list-cannot-enumerate	no-break	open	recorded
r1-doc-read-surface-stale-index-line-citations	no-break	open	recorded
r1-doc-list-unreadable-entry-linux-not-driven	needs-bound	open	human
r1-route-clause-reading-refusal-without-route	needs-bound	open	human
r1-doc-list-unreadable-entry-undriven-shapes-and-consumers	refuted	open	recorded
r1-staged-note-route-exits-1-under-unreadable-staged-entry	needs-bound	open	human
r1-staging-area-writers-not-enumerated	refuted	open	recorded
r1-doc-list-staged-arm-linux-and-root-not-driven	needs-bound	open	human
r1-staged-doc-ids-other-callers-not-driven	refuted	open	recorded
r1-doc-list-staged-arm-pin-limits	no-break	open	recorded
r1-setup-outside-work-tree-exit-pinned-as-parity	no-break	open	recorded
r1-setup-in-submodule-writes-superproject-hooks	needs-bound	open	human
r1-superproject-hook-effect-not-established	refuted	open	recorded
r1-setup-install-hook-route-other-causes-unexamined	regression	open	fix
r1-setup-separate-git-dir-not-driven-by-verifier	no-break	open	recorded
r1-finalize-destroys-untracked-file-where-home-is-no-work-tree	needs-bound	open	human
r1-second-finalize-blocked-where-home-is-no-work-tree	needs-bound	open	human
r1-validate-home-vacated-for-homes-never-occupied	needs-bound	open	human
r1-milestone-create-fails-where-home-is-no-work-tree	no-break	open	recorded
r1-uninstall-refuses-and-force-half-removes-no-work-tree-home	needs-bound	open	human
r1-unmanage-bare-error-or-false-no-file-no-work-tree-home	needs-bound	open	human
r1-finalize-ack-names-main-checkout-where-none-exists	no-break	open	recorded
r1-setup-typed-beside-bare-git-dir-installs-at-exit-0	needs-bound	open	human
r1-decisions-pending-d-row-true-one-doc-deep	no-break	open	recorded
r1-start-resolves-home-five-times	no-break	open	recorded
r1-advocate-report-underclaims-doc-list-cell-behind-bare	no-break	open	recorded
r1-proposal-hook-inert-in-no-work-tree-layouts	no-break	open	recorded
r1-proposal-bare-worktrees-share-one-hooks-directory	no-break	open	recorded
r1-proposal-submodule-linked-worktree-home-is-a-choice	no-break	open	recorded
r1-proposal-leaves-source-comments-stating-old-rule	no-break	open	recorded
r1-proposal-strands-open-task-under-old-home	no-break	open	recorded
r1-doc-list-no-committed-docs-where-home-is-no-work-tree	no-break	open	recorded
r1-advocate-call-site-count-not-reproducible	no-break	open	recorded
r1-working-product-reading-false-green-of-validate	needs-bound	open	human
r1-non-utf8-tracked-path-supported-or-planted	needs-bound	open	human
r1-validate-unreadable-orphan-variant-not-driven	refuted	open	recorded
r1-doc-show-lowercase-address-prints-path-no-file-has	confirmed	open	human
r1-validate-calls-untracked-file-committed	no-break	open	recorded
r1-adoption-route-for-non-doc-id-name-not-run	confirmed	open	human
r1-unregistered-row-prints-address-doc-show-refuses-design	no-break	open	recorded
r1-doc-list-prints-id-coverage-claim-half-true	no-break	open	recorded
r1-root-knob-lands-over-undecodable-git-listing	needs-bound	open	human
r1-validate-clean-over-docs-stranded-by-root-knob	no-break	open	recorded
r1-doc-show-stranded-doc-not-found-route	refuted	open	recorded
r1-orphaned-doc-route-after-strand-not-run	refuted	open	recorded
r1-orphan-walk-consumers-previous-release-not-driven	refuted	open	recorded
r1-non-utf8-path-reach-not-driven	needs-bound	open	human
r1-git-capture-other-callers-not-enumerated	refuted	open	recorded
r1-log-writer-follows-link-at-log-path	needs-bound	open	human
r1-finalize-log-link-into-path-finalize-stages	needs-bound	open	human
r1-log-link-other-committing-doors-not-driven	needs-bound	open	human
r1-uninstall-help-says-touches-nothing-outside	no-break	open	recorded
r1-uninstall-force-warning-overstates-link-loss	no-break	open	recorded
r1-regression-list-holds-no-row-for-two-ruled-differences	no-break	open	recorded
r1-promote-clobber-route-commits-staged-blob	refuted	open	recorded
r1-p3-ingest-route-fails-beside-unreadable-entry	needs-bound	open	human
r1-p3-not-staged-route-task-less-read-refuses	confirmed	open	human
r1-p3-not-found-over-unreadable-file-routes-in-a-loop	needs-bound	open	human
r1-p3-unreadable-entry-stops-commit-boundaries-no-route	no-break	open	recorded
r1-p3-doc-list-drops-unreadable-stamped-orphan-silently	needs-bound	open	human
r1-p3-validate-two-postures-over-unreadable-entry	no-break	open	recorded
r1-p3-unreadable-entry-class-door-list-traced-by-hand	refuted	open	recorded
r1-p3-refusing-doors-leave-own-cache-files-at-exit-1	no-break	open	recorded
r1-p3-finalize-left-out-hint-over-unreadable-file	no-break	open	recorded
r1-p3-unreadable-entry-undriven-platform-shapes-and-doors	refuted	open	recorded
r1-p3-reporter-slip-helper-scripts-by-file-tool	no-break	open	recorded
r1-p3-umask-masking-owner-read-unreadable-staged-doc	needs-bound	open	human
r1-p3-doc-list-tracked-dangling-link-raw-os-error	refuted	open	recorded
r1-p3-copy-in-doors-raw-os-error-unreadable-committed-doc	no-break	open	recorded
r1-p3-milestone-merged-area-writer-follows-a-link	refuted	open	recorded
r1-p3-staging-area-writers-undriven-and-unread-remainder	refuted	open	recorded
r1-p3-reporter-slip-driver-by-file-tool-report-patched	no-break	open	recorded
r1-p3-staged-prose-refusal-read-route-says-not-staged	needs-bound	open	human
r1-p3-task-finalize-raw-os-error-unreadable-staged-file	needs-bound	open	human
r1-p3-forced-doors-name-no-staged-docs-under-dangling-link	no-break	open	recorded
r1-p3-staged-doc-ids-orientation-and-milestone-callers	refuted	open	recorded
r1-p3-discard-uninstall-plants-linux-and-root-not-driven	unclear	open	triage
r1-p3-superproject-with-own-install-shared-hook-not-driven	refuted	open	recorded
r1-p3-setup-in-submodule-no-backstop-install-elsewhere	needs-bound	open	human
r1-p3-validate-in-submodule-runs-at-git-dir	needs-bound	open	human
r1-p3-hook-in-another-repository-layouts-not-enumerated	refuted	open	recorded
r1-p3-superproject-hook-block-unpinned	no-break	open	recorded
r1-p3-setup-writability-route-printed-for-other-causes	confirmed	open	human
r1-p3-uninstall-writability-route-not-driven	confirmed	open	human
r1-p3-display-hook-path-other-callers-not-driven	refuted	open	recorded
r1-p3-setup-hook-refusal-after-install-files-written	no-break	open	recorded
r1-p3-previous-release-wrote-through-hook-link	no-break	open	recorded
r1-p3-setup-install-hook-undriven-producers-and-causes	regression	open	fix
r1-p3-validate-clean-over-unreadable-orphan-reading-and-layout	needs-bound	open	human
r1-p3-validate-clean-over-orphan-absent-from-work-tree	refuted	open	recorded
r1-p3-validate-unreadable-orphan-platforms-and-variants	refuted	open	recorded
r1-p3-migrate-case-variant-path-says-git-holds-no-copy	confirmed	open	human
r1-p3-validate-says-no-address-reaches-file-one-does	no-break	open	recorded
r1-p3-migration-destination-is-source-on-case-folding-volume	refuted	open	recorded
r1-p3-doc-show-lowercase-address-case-sensitive-volume	refuted	open	recorded
r1-p3-lowercase-address-other-doors-not-driven	confirmed	open	human
r1-p3-doc-author-nothing-persisted-yet-task-bound	refuted	open	recorded
r1-p3-refused-doc-rename-leaves-staged-foreign-copy	refuted	open	recorded
r1-p3-rename-bare-git-mv-error-no-code-no-route	refuted	open	recorded
r1-p3-finalize-approve-advisory-for-file-it-retires	no-break	open	recorded
r1-p3-adoption-of-staged-source-no-deletion-row	refuted	open	recorded
r1-p3-adoption-route-title-upper-undriven-cells	refuted	open	recorded
r1-p3-adoption-report-table-names-rig-not-driven	no-break	open	recorded
r1-p3-doc-show-stranded-generic-route-non-utf8-layout	needs-bound	open	human
r1-p3-start-workflow-bare-refusal-non-utf8-index-entry	needs-bound	open	human
r1-p3-doc-show-task-no-committed-copy-of-stranded-doc	confirmed	open	human
r1-p3-second-doc-of-one-identity-beside-stranded-doc	refuted	open	recorded
r1-p3-doc-list-omits-stranded-doc	refuted	open	recorded
r1-p3-start-orientation-host-temp-path-findings-unknown	refuted	open	recorded
r1-p3-config-set-then-git-reset-strands-relocated-docs	no-break	open	recorded
r1-p3-orphaned-doc-route-unmanage-without-path	no-break	open	recorded
r1-p3-doc-show-offers-unmanage-after-unmanage	refuted	open	recorded
r1-p3-unregistered-doc-route-after-unmanage-not-run	refuted	open	recorded
r1-p3-finalize-after-orphaned-doc-route-arms-not-driven	refuted	open	recorded
r1-p3-orphaned-doc-placement-arm-and-json-not-driven	refuted	open	recorded
r1-p3-reporter-slip-count-corrected-by-shell	no-break	open	recorded
r1-p3-root-knob-doors-non-utf8-name-no-lost-files-reading	needs-bound	open	human
r1-p3-validate-clean-after-placement-root-strand-non-utf8	needs-bound	open	human
r1-p3-git-capture-callers-enumerated-by-neighbouring-report	no-break	open	recorded
r1-p3-orphan-walk-aftermath-on-previous-release	no-break	open	recorded
r1-p3-task-finalize-refuses-staged-non-utf8-text-file	refuted	open	recorded
r1-p3-rename-mention-advisory-silent-undecodable-listing	refuted	open	recorded
r1-p3-uninstall-force-names-nothing-undecodable-listing	needs-bound	open	human
r1-p3-amend-refusal-route-spells-c-quoted-name-as-path	confirmed	open	human
r1-p3-milestone-doors-bare-refusal-non-utf8-index-entry	needs-bound	open	human
r1-p3-post-commit-capture-sites-host-that-holds-the-name	refuted	open	recorded
r1-p3-git-capture-commit-message-sites-not-driven	refuted	open	recorded
r1-p3-finalize-text-left-out-list-no-kind	no-break	open	recorded
r1-p4-unparseable-adoption-route-refuses-untracked-source	unclear	open	triage
r1-p4-not-staged-route-mode-000-repro-b-not-redriven	unclear	open	triage
r1-p4-not-staged-block-other-unservable-states-not-enumerated	unclear	open	triage
r1-p4-precommit-hook-silent-pass-over-unreadable-entry	needs-bound	open	human
r1-p4-nothing-staged-route-git-add-fails-unreadable-file	unclear	open	triage
r1-p4-doc-create-over-unreadable-home-bare-refusal	no-break	open	recorded
r1-p4-relocate-parks-untracked-entry-at-destination	unclear	open	triage
r1-p4-validate-unreadable-entry-masks-out-of-band-rename	no-break	open	recorded
r1-p4-unreadable-entry-class-linux-root-remaining-cells-not-driven	unclear	open	triage
r1-p4-named-pipe-at-managed-home-holds-reading-doors	needs-bound	open	human
r1-p4-migrate-corpus-omits-unreadable-doc-silently	no-break	open	recorded
r1-p4-validate-unreadable-entry-masks-schema-version-finding	no-break	open	recorded
r1-p4-relocate-blocked-unreadable-doc-no-route	no-break	open	recorded
r1-p4-not-found-not-staged-routes-loop-at-resume-door	unclear	open	triage
r1-p4-reconciliation-rename-route-jigc-rename-not-found	unclear	open	triage
r1-p4-doc-list-directory-named-md-ends-listing	no-break	open	recorded
r1-p4-unreadable-entry-refusals-do-not-name-the-file	no-break	open	recorded
r1-p4-doc-list-refusal-prints-absolute-path	no-break	open	recorded
r1-p4-doc-list-dangling-link-reach-by-jigc-verb-not-driven	unclear	open	triage
r1-p4-doc-list-dangling-link-undriven-cells	unclear	open	triage
r1-p4-reading-refusal-without-route-under-working-product	needs-bound	open	human
r1-p4-doc-list-dangling-link-block-pinning-note	no-break	open	recorded
r1-p4-milestone-merged-writer-planted-link-no-declared-bound	needs-bound	open	human
r1-p4-milestone-finalize-drops-authored-doc-under-planted-link	needs-bound	open	human
r1-p4-milestone-finalize-refusal-writes-through-planted-link	needs-bound	open	human
r1-p4-milestone-merged-link-plant-undriven-cells	unclear	open	triage
r1-p4-following-writes-class-not-walked	unclear	open	triage
r1-p4-staging-area-writers-root-and-linux-not-driven	unclear	open	triage
r1-p4-finalize-refuses-tracked-link-home-previous-release-landed	unclear	open	triage
r1-p4-finalize-approve-read-only-destination-raw-os-error	unclear	open	triage
r1-p4-unadopted-instance-route-prints-absolute-path	no-break	open	recorded
r1-p4-tracked-path-under-task-staging-area-git-writer	unclear	open	triage
r1-p4-staging-area-writers-undriven-doors	unclear	open	triage
r1-p4-staging-area-enumeration-bound-and-other-readers	unclear	open	triage
r1-p4-orientation-nothing-staged-under-dangling-link	no-break	open	recorded
r1-p4-milestone-discard-force-unnamed-staged-doc-under-link	needs-bound	open	human
r1-p4-milestone-discard-json-ack-names-nothing	no-break	open	recorded
r1-p4-milestone-staged-prose-route-not-staged-unreadable-doc	unclear	open	triage
r1-p4-milestone-finalize-missing-provenance-route-no-command	unclear	open	triage
r1-p4-orientation-absolute-path-findings-unknown-unreadable-doc	no-break	open	recorded
r1-p4-staged-doc-ids-other-plants-linux-root-not-driven	unclear	open	triage
r1-p4-staged-doc-ids-plant-reach-not-driven	unclear	open	triage
r1-p4-erratum-milestone-door-cell-count-in-report	no-break	open	recorded
r1-p4-uninstall-submodule-refusal-first-route-does-not-clear	unclear	open	triage
r1-p4-uninstall-force-in-submodule-cuts-superproject-hook-block	no-break	open	recorded
r1-p4-validate-upgrade-silent-about-missing-hook-block	no-break	open	recorded
r1-p4-uninstall-force-leaves-settings-json-in-submodule-git-dir	no-break	open	recorded
r1-p4-superproject-submodule-undriven-orders	unclear	open	triage
r1-p4-shared-hook-jigc-line-names-last-setup-binary	no-break	open	recorded
r1-p4-setup-ack-local-to-this-checkout-of-shared-hook	no-break	open	recorded
r1-p4-setup-separate-git-dir-commits-into-enclosing-repository	unclear	open	triage
r1-p4-hook-rename-block-absent-in-linked-worktree	unclear	open	triage
r1-p4-hook-git-dir-export-validate-children-not-examined	unclear	open	triage
r1-p4-setup-separate-git-dir-refusal-route-not-driven	unclear	open	triage
r1-p4-setup-bare-repository-pointer-installs-outside-work-tree	unclear	open	triage
r1-p4-two-installs-one-hook-other-layouts-not-driven	unclear	open	triage
r1-p4-hook-layouts-undriven-cells-and-previous-release	unclear	open	triage
r1-p4-uninstall-writability-sentence-other-causes-not-driven	unclear	open	triage
r1-p4-setup-writability-route-names-directory-not-parent	no-break	open	recorded
r1-p4-setup-over-compiled-program-hook-not-driven	unclear	open	triage
r1-p4-setup-writability-route-undriven-causes	unclear	open	triage
r1-p4-uninstall-six-other-teardown-refusals-same-route-shape	unclear	open	triage
r1-p4-uninstall-refusal-leaves-teardown-half-done	unclear	open	triage
r1-p4-uninstall-writes-through-outward-hook-link	unclear	open	triage
r1-p4-uninstall-ignores-installed-hook-after-hookspath-change	unclear	open	triage
r1-p4-uninstall-removes-hook-link-leaves-block-at-links-end	unclear	open	triage
r1-p4-uninstall-writability-refusal-undriven-causes	unclear	open	triage
r1-p4-uninstall-warning-outward-link-outside-file-not-driven	unclear	open	triage
r1-p4-uninstall-kept-hook-sentence-not-tested	unclear	open	triage
r1-p4-setup-after-warned-delete-dangling-hook-link-refuses-once	no-break	open	recorded
r1-p4-uninstall-force-linked-hook-block-pinning-note	no-break	open	recorded
r1-p4-display-hook-path-undriven-states	unclear	open	triage
r1-p4-setup-make-executable-failure-not-driven-on-candidate	unclear	open	triage
r1-p4-setup-hook-linked-to-dev-null-route-names-dev-null	breaks	open	triage
r1-p4-setup-writability-route-directory-or-unreadable-hook	unclear	open	triage
r1-p4-setup-install-hook-refusal-after-install-files-written	no-break	open	recorded
r1-p4-setup-splices-into-hook-once-readable	no-break	open	recorded
r1-p4-setup-install-hook-undriven-sites	unclear	open	triage
r1-p4-validation-doc-silent-on-where-stamp-is-read	no-break	open	recorded
r1-p4-validate-green-line-says-committed-with-unstaged-deletion	no-break	open	recorded
r1-p4-validate-names-only-on-disk-orphan	no-break	open	recorded
r1-p4-doc-list-over-orphan-absent-from-work-tree-not-driven	unclear	open	triage
r1-p4-orphan-absent-verdict-basis-note	no-break	open	recorded
r1-p4-orphan-absent-file-posture-unpinned	no-break	open	recorded
r1-p4-orphan-absent-class-instance-unbounded	no-break	open	recorded
r1-p4-validate-unreadable-orphan-ownership-root-linux-not-driven	unclear	open	triage
r1-p4-reading-rely-on-and-exit-0-false-green	needs-bound	open	human
r1-p4-validate-unreadable-docs-root-names-repository-root	no-break	open	recorded
r1-p4-validate-two-postures-for-unreadable-entry	no-break	open	recorded
r1-p4-doc-list-over-unreadable-orphan-not-driven	unclear	open	triage
r1-p4-migration-of-upper-case-file-stage-failed-route-refuses	breaks	open	triage
r1-p4-finalize-rollback-conflict-false-sentence-leaves-rewrite	no-break	open	recorded
r1-p4-conflict-block-route-after-failed-migration-not-driven	unclear	open	triage
r1-p4-migration-review-hold-names-two-spellings-of-one-file	no-break	open	recorded
r1-p4-ingest-case-rename-route-not-driven	unclear	open	triage
r1-p4-migration-source-equals-destination-undriven-states	unclear	open	triage
r1-p4-doc-list-prints-id-no-door-takes-seen-again	unclear	open	triage
r1-p4-two-case-spellings-side-by-side-not-driven	unclear	open	triage
r1-p4-doc-show-lowercase-ignorecase-mismatch-and-linux-not-driven	unclear	open	triage
r1-p4-doc-show-not-found-route-task-read-not-driven	unclear	open	triage
r1-p4-address-doors-case-sensitive-volume-not-driven	unclear	open	triage
r1-p4-finalize-exit-0-commits-without-doc-lowercase-address	unclear	open	triage
r1-p4-finalize-base-mismatch-after-ingest-case-rename	unclear	open	triage
r1-p4-copy-in-records-baseline-under-spelling-no-file-has	unclear	open	triage
r1-p4-task-validate-two-spellings-clean-before-failing-finalize	no-break	open	recorded
r1-p4-validate-ingest-say-no-address-reaches-file	no-break	open	recorded
r1-p4-rename-lowercase-address-refusal-wording-and-ordering	no-break	open	recorded
r1-p4-unmanage-address-operand-no-op-exit-0	no-break	open	recorded
r1-p4-lowercase-address-six-doors-not-driven	unclear	open	triage
r1-p4-identity-change-route-doc-rename-exits-1-over-foreign-file	breaks	open	triage
r1-p4-non-reparseable-route-names-neither-broken-thing	unclear	open	triage
r1-p4-refused-doc-author-leaves-file-state-lock	unclear	open	triage
r1-p4-provenance-row-of-rolled-back-doc-survives	unclear	open	triage
r1-p4-doc-author-nothing-persisted-undriven-cells	unclear	open	triage
r1-p4-nothing-was-persisted-sentence-unpinned	no-break	open	recorded
r1-p4-verifier-process-note-scratch-scripts-by-file-tool	no-break	open	recorded
r1-p4-doc-list-task-reports-foreign-file-managed	unclear	open	triage
r1-p4-task-validate-one-file-two-readings-after-refused-rename	no-break	open	recorded
r1-p4-task-discard-says-no-commit-holds-copy-of-head-blob	no-break	open	recorded
r1-p4-refused-doc-rename-leaves-copy-in-and-binding	no-break	open	recorded
r1-p4-refused-doc-rename-conformant-foreign-file-not-driven	unclear	open	triage
r1-p4-refused-doc-rename-undriven-volume-and-previous-release	unclear	open	triage
r1-p4-rename-moves-and-rewrites-unadopted-file	unclear	open	triage
r1-p4-rename-frame-names-identity-listing-does-not-hold	no-break	open	recorded
r1-p4-rename-cause-line-does-not-name-case-difference	no-break	open	recorded
r1-p4-rename-refusal-undriven-volume-and-previous-release	unclear	open	triage
r1-p4-rename-repro-r-1-never-run-whole	no-break	open	recorded
r1-p4-source-untracked-route-cures-one-of-two-reasons	unclear	open	triage
r1-p4-approve-ack-does-not-name-removal-staged-only-source	no-break	open	recorded
r1-p4-composed-step-says-nothing-to-recover-from	no-break	open	recorded
r1-p4-unadopted-instance-advisory-miscalls-file	no-break	open	recorded
r1-p4-staged-source-edited-after-git-add-not-driven	unclear	open	triage
r1-p4-unreachable-blob-lifetime-not-driven	unclear	open	triage
r1-p4-adoption-chain-upper-previous-release-not-driven	unclear	open	triage
r1-p4-reading-git-object-reachable-staged-only-adoption	needs-bound	open	human
r1-p4-staged-source-adoption-no-deletion-row-seen-again	unclear	open	triage
r1-p4-setup-install-commit-carries-settings-entries-json	unclear	open	triage
r1-p4-adoption-route-upper-other-platform-not-driven	unclear	open	triage
r1-p4-adoption-route-upper-blocks-pinnability-note	no-break	open	recorded
r1-p4-not-staged-over-strand-verdict-reading-note	no-break	open	recorded
r1-p4-not-staged-route-create-or-author-gate-blocked	breaks	open	triage
r1-p4-doc-create-over-strand-second-doc-seen-again	unclear	open	triage
r1-p4-set-slot-over-strand-bare-refusal-line	no-break	open	recorded
r1-p4-reading-incorrect-thing-written-second-doc	needs-bound	open	human
r1-p4-unregistered-doc-never-adopted-after-reset-strand	unclear	open	triage
r1-p4-unregistered-doc-route-prints-absolute-path	no-break	open	recorded
r1-p4-reconciliation-rename-routes-unmanage-of-staged-path	unclear	open	triage
r1-p4-fork-doc-list-row-for-knob-stranded-doc	no-break	open	recorded
r1-p4-config-set-root-knob-moves-nothing-non-utf8-entry	unclear	open	triage
r1-p4-validate-silent-about-strand-under-non-utf8-entry	unclear	open	triage
r1-p4-task-validate-bare-line-under-non-utf8-index-entry	no-break	open	recorded
r1-p4-orientation-run-directives-not-driven-non-utf8-entry	unclear	open	triage
r1-p4-start-json-findings-unavailable-per-invocation-path	no-break	open	recorded
r1-p4-printed-path-fence-no-row-for-materialize-index	no-break	open	recorded
r1-p4-start-orientation-block-pinnability-note	no-break	open	recorded
r1-p4-doc-list-shows-unmanaged-doc-managed-after-repair	no-break	open	recorded
r1-p4-unregistered-doc-says-never-adopted-after-unmanage	no-break	open	recorded
r1-p4-unregistered-doc-route-names-moved-away-path	unclear	open	triage
r1-p4-doc-show-stale-unmanage-offer-placement-and-json	unclear	open	triage
r1-p4-finalize-after-unmanage-arms-of-show-route-not-driven	unclear	open	triage
r1-p4-doc-show-stale-offer-block-pinning-note	no-break	open	recorded
r1-p4-migrate-help-says-ingest-advisory-routes-migrate	no-break	open	recorded
r1-p4-migration-commit-lands-pending-manifest	no-break	open	recorded
r1-p4-live-task-finalize-after-migrate-route-not-driven	unclear	open	triage
r1-p4-unregistered-doc-route-undriven-cells	unclear	open	triage
r1-p4-unregistered-doc-route-placement-fallback-json-not-driven	unclear	open	triage
r1-p4-unregistered-doc-block-pinnability-note	no-break	open	recorded
r1-p4-unregistered-doc-route-emitted-command-unpinned	no-break	open	recorded
r1-p4-ref-resolves-route-create-arm-gate-blocked	unclear	open	triage
r1-p4-unmanage-silent-about-open-task-reference	no-break	open	recorded
r1-p4-finalize-ref-resolves-over-stranded-target-names-no-strand	unclear	open	triage
r1-p4-finalize-design-stage-sentence-against-own-rollback-table	no-break	open	recorded
r1-p4-finalize-after-orphaned-doc-route-remaining-arms	unclear	open	triage
r1-p4-ingest-after-hand-move-keeps-prior-file-state-keys	unclear	open	triage
r1-p4-unmanage-stranded-placement-doc-edges-not-exercised	unclear	open	triage
r1-p4-finalize-after-placement-strand-arms-not-driven	unclear	open	triage
r1-p4-task-validate-clean-before-finalize-refuses-non-utf8-file	no-break	open	recorded
r1-p4-migration-finalize-capture-helper-callers-not-enumerated	unclear	open	triage
r1-p4-migration-approve-commits-staged-file-not-the-migrations	unclear	open	triage
r1-p4-handed-block-control-does-not-hold-empty-commit	no-break	open	recorded
r1-p4-finalize-lands-when-git-treats-file-as-binary	no-break	open	recorded
r1-p4-finalize-non-utf8-text-file-undriven-shapes	unclear	open	triage
r1-p4-rename-mention-scan-other-quoted-names-not-driven	unclear	open	triage
r1-p4-rename-empty-advisory-reads-like-undecodable-listing	no-break	open	recorded
r1-p4-line-oriented-git-listing-consumers-not-traced	unclear	open	triage
r1-p4-rename-mention-block-pinning-note	no-break	open	recorded
r1-p4-amend-refusal-route-preview-door-not-driven	unclear	open	triage
r1-p4-amend-refusal-message-and-locus-c-quoted-spelling	no-break	open	recorded
r1-p4-amend-refusal-route-undriven-name-shapes	unclear	open	triage
r1-p4-amend-refusal-route-non-regression-weight-note	no-break	open	recorded
r1-p4-task-finalize-exits-1-after-commit-planted-hook	needs-bound	open	human
r1-p4-milestone-finalize-exits-1-after-commit-planted-hook	needs-bound	open	human
r1-p4-finalize-doors-refuse-staged-non-utf8-name	unclear	open	triage
r1-p4-amend-arm-no-file-state-record-when-note-fires	unclear	open	triage
r1-p4-landed-summary-c-quoted-name-and-no-hash-record	unclear	open	triage
r1-p4-milestone-finalize-removes-worktree-with-untracked-file	unclear	open	triage
r1-p4-left-out-list-names-one-entry-after-landing	no-break	open	recorded
r1-p4-post-commit-capture-real-host-previous-release-not-driven	unclear	open	triage
r1-p4-amend-dry-run-bare-refusal-undecodable-head-subject	no-break	open	recorded
r1-p4-amend-arm-drops-co-author-trailer-undecodable-message	unclear	open	triage
r1-p4-task-finalize-exits-1-after-commit-latin1-log-output	unclear	open	triage
r1-p4-milestone-finalize-exits-1-after-commits-latin1-log-output	unclear	open	triage
r1-p4-milestone-provision-failed-says-0-landed-worktree-registered	no-break	open	recorded
r1-p4-task-amend-ack-no-subject-line-undecodable-subject	no-break	open	recorded
r1-p4-amend-empty-commit-frame-says-fix-the-hooks-complaint	unclear	open	triage
r1-p4-milestone-aggregate-subject-site-not-reached	unclear	open	triage
r1-p4-commit-encoding-non-utf8-not-driven	unclear	open	triage
r1-p4-reading-ordinary-git-configuration-log-output-encoding	needs-bound	open	human
r1-p4-prescribed-plant-commit-tree-reencodes-message	no-break	open	recorded
