invocation	phase	start_utc	end_utc	minutes	agents	note
1	state read, the attempt's marker	06:47:35	06:48:05	0.5	3	three tool steps
1	first preflight, and the scope step beside it	06:48:06	06:49:19	1.2	2	the scope step ran beside it, 06:48:06 to 06:58:16 (10.2 min)
1	held builds: the candidate, the previous release	06:49:19	06:50:37	1.3	4	28 s and 26 s of build
1	held gate of the candidate	06:50:38	07:13:58	23.3	2	1,390 s; one agent asked 15 times
1	state read	07:13:58	07:14:11	0.2	1	
1	held regression set	07:14:11	07:36:27	22.3	2	1,319 s; one agent asked 14 times
1	second preflight: the trial image	07:36:27	08:01:12	24.7	1	the agent waited with a loop of its own; two calls ran to the 600 s ceiling
1	instruments and their report check	08:01:13	08:45:13	44.0	8	seven reporters, at most four at once
1	triage, pass 1	08:45:13	09:03:43	18.5	1	54 findings in
1	verify-real, pass 1	09:03:43	09:18:50	15.1	10	
1	the advocate of the one contested finding	09:18:50	10:42:29	83.7	1	ran the full gate on its own spike
1	the independent drive of the advocate's proposal	10:42:29	11:37:08	54.6	1	ran the full gate again
1	report check and triage, pass 2	11:37:08	12:03:11	26.0	2	60 findings in
1	verify-real, pass 2	12:03:11	12:37:15	34.1	13	
1	report check and triage, pass 3	12:37:15	13:03:12	26.0	2	88 findings in
1	verify-real, pass 3	13:03:12	14:04:27	61.3	38	at most eight at once
1	report check and triage, pass 4	14:04:27	14:37:49	33.4	2	235 findings in; nothing of it verified
1	report check and the record's batch	14:37:49	14:51:37	13.8	2	a batch of 232,267 bytes, written by the executor
1	the record's held gate	14:51:37	15:14:14	22.6	2	1,348 s
1	the record's commit, the push, the state read back	15:14:14	15:15:40	1.4	3	
1	TOTAL	06:47:35	15:15:40	508.0	100	
2	state read, the attempt's marker, preflight, the candidate built again	15:18:54	15:21:43	2.8	7	the previous release's build was answered from the job that stood
2	triage of the 118 rows left unverified	15:21:43	15:36:10	14.5	1	
2	verify-real: 118 launched, 19 returned	15:36:10	16:09:13	33.1	19	the account's usage limit at 16:09:13
2	297 launches that died, and the halt	16:09:13	16:10:17	1.1	297	99 verifiers, three tries each
2	TOTAL	15:18:54	16:10:17	51.4	324	
