key	door	clause	ledger_grade_on_record	attempt_2_status	attempt_2_verdict	regression	left_open	basis
r1-p3-discard-uninstall-plants-linux-and-root-not-driven	jigc task discard and jigc uninstall	no-lost-files	unclear	halted			3	No verdict: the finding asks for a Linux drive and a root drive, and neither was reachable from what was handed over; the previous release's hash was asserted but that binary was not driven.
r1-p4-unparseable-adoption-route-refuses-untracked-source	jigc doc show	working-product	unclear	verified	confirmed	False	0	Over an untracked foreign file at a doctype's home, the adoption route `jigc doc show`'s `store.unparseable` refusal prints (`jigc migrate <abs path> --as research`) exits 1 `migrate.source-untracked` when run as printed, and the route's other command `jigc ingest` exits 0 printing the same refusing command as its row's route — identical on the previous release (comparable, so regression false); in the git-committed shape the same route exits 0 on both binaries. The trackedness refusal itself is settled design and its own `git add` route works; nothing is lost. Breaks the second half of working-product (every refusal's route works as printed) inside its scope.
r1-p4-not-staged-route-mode-000-repro-b-not-redriven	jigc doc show	working-product	unclear	verified	confirmed	False	1	"Over a mode-000 file at a doctype's home, `jigc doc show <addr> --task <id>` refuses `store.not-staged` with the mechanical route `jigc doc show <addr>` (""the task-less read serves the committed copy""), and that command run as printed exits 1 `store.not-found` (Permission denied), whose one printed command is the first read again — the second half of working-product broken as worded; byte-identical on the previous release (regression false, comparable); no declared bound on this run takes the unreadable-file state out, and declaring one is the human's."
r1-p4-not-staged-block-other-unservable-states-not-enumerated	jigc doc show	working-product	unclear	verified	confirmed	False	0	"All three states the finding names reach the first arm of `store.not-staged`, whose mechanical route `jigc doc show <addr>` (""the task-less read serves the committed copy""), run as printed, exits 1 with empty stdout — `store.unparseable` over a hand-edited committed managed doc and over a foreign root CHANGELOG.md (the design's archetypal brownfield case), `store.not-found` over an unreadable file (another row's; no part of the verdict rests on it) — identically on the previous release, so regression is false and comparable. It breaks the second half of working-product (""every refusal's route works as printed"") inside its scope; no dead end, no byte written or lost. Same producer and predicate as the sibling row r1-p3-not-staged-route-task-less-read-refuses (`not_staged_block` gating on bare `is_file()`). Class: instance, unbounded."
r1-p4-nothing-staged-route-git-add-fails-unreadable-file	jigc task finalize	working-product	unclear	verified	confirmed	False	6	"Repro V-3c reproduces as written on both binaries (finalize 3 `finalize.nothing-staged`, `git add` 128, finalize 3 again; 189 of 189 output files identical to 1.0.0-rc.24, so not a regression): the refusal's route `git add` your changes fails in every spelling driven where every dirty path is one git refuses, so the instrument's second half (every refusal's route works as printed) is not met and no declared bound covers the state. The mode-000 plant is NOT needed: an empty `git init sub` reaches the same 3/128/3. Reach: only a task with nothing addable of its own; one addable file beside the plant and the route delivers. Rests on reading ""works as printed"" as asked in the state the refusal was printed in; on the narrower reading it would be refuted breaks-no-clause (stated in the report, Step 3)."
r1-p4-relocate-parks-untracked-entry-at-destination	jigc relocate	no-lost-files	unclear	verified	refuted		2	breaks-no-clause — in twelve states on both binaries `jigc relocate` renames the destination's untracked entry (file, dangling or live link, mode-000 file, directory, ignored file) into `.jigc/displaced/` with the same inode and bytes, destroys nothing and commits nothing; where the doc's move lands this is the behaviour design/reconciliation.md → Relocation collisions rules and the ack names both paths; where the move then fails the entry is parked all the same and the ack does not name it — a real defect, byte-identical on 1.0.0-rc.24, which under the clause's sharpened scope (destroys / commits) still breaks nothing; the other reading is stated in the report
r1-p4-unreadable-entry-class-linux-root-remaining-cells-not-driven	unlisted - every door an unreadable *.md at a managed home reaches	working-product	unclear	halted			0	
r1-p4-not-found-not-staged-routes-loop-at-resume-door	jigc start	working-product	unclear	verified	confirmed	False	6	"Reproduces on the candidate in fresh rigs: over a committed managed doc made mode 000, `jigc start --task` exits 1 `store.not-found`, its printed route `jigc doc show research:context-loss#findings --task <task>` exits 1 `store.not-staged`, and that refusal's printed route `jigc doc show research:context-loss#findings` exits 1 with the first refusal's bytes again (control without the plant: 0 / 1 / 0; with the doc removed the pair ends, no loop) — so the second half of `working-product` (""every refusal's route works as printed"") is broken in an ordinary layout with no declared bound to cite; byte-identical on 1.0.0-rc.24, so regression false (comparable: the door and both routes exist there). The confirm rests on reading ""works as printed"" as ""the printed command delivers"", which is how DECISIONS.md uses the phrase; only the reading ""the CLI accepts the command"" clears it, and a human-declared bound for a deliberately unreadable doc would put the row out of scope — that ruling is not mine."
r1-p4-reconciliation-rename-route-jigc-rename-not-found	jigc validate	working-product	unclear	verified	confirmed	False	7	"The route `jigc validate` prints under `reconciliation.rename` after a staged bare `git mv` (nothing planted) holds two commands; the first, `jigc rename arch-doc:padding-layer --to ""<New Title>""`, exits 1 with `store.not-found` in every state that prints it and with every filling of the placeholder (7 cells per binary), while the second (the `git -C <repo> mv` revert) works as printed — so a refusal's route does not work as printed, the second half of `working-product`. Not a regression: 50 paired cells on 1.0.0-rc.24, the same exit in all 50 and the same product bytes but one commit id (door existed, comparable). The verdict rests on reading ""works as printed"" per printed command; if a two-alternative route works whenever one alternative does, it is refuted/breaks-no-clause — stated in the report, Step 3."
r1-p4-doc-list-dangling-link-reach-by-jigc-verb-not-driven	jigc doc list	working-product	unclear	verified	refuted		6	breaks-no-clause — the recorded route (a docs-root / placement-root re-point carrying a live link) is refused on the candidate at exit 1 with nothing moved, and its printed route lands at both knobs; a second route (jigc rename of the doc a sibling link points at) still leaves a link at a home dangling at exit 0 and jigc doc list then exits 1 with the raw OS error, but byte-identically on 1.0.0-rc.24 (10 cells, 20 streams) and over a hand-planted link — no regression, no printed route fails.
r1-p4-doc-list-dangling-link-undriven-cells	jigc doc list	working-product	unclear	verified	refuted		10	breaks-no-clause — every cell this machine can reach reproduces (a located unreadable home refuses the whole listing with a raw OS error, a placement or prior home drops its row at exit 0, a FIFO hangs it), but the previous release exits the same in all 230 driven cells, `jigc doc list` prints no route in any refusal, and every state is a hand plant; Linux and a root caller were NOT driven and are not refuted
r1-p4-milestone-merged-link-plant-undriven-cells	jigc milestone finalize	no-lost-files	unclear	verified	refuted		7	"breaks-no-clause — six of the eight undriven cells were driven (relative target, link at merged/docs and at merged, suffixed -2 body, edited-from-base body, provisioned worktrees with staged code, pre-commit hook as planter): the write through the link is real in each cell that reaches the writer, but every one needs a symbolic link a hand other than jigc put inside the gitignored .jigc/milestones/<id>/merged (0 links under .jigc before any plant), which is the first clause's excluded ""deliberately planted states""; Linux and a root caller were NOT driven and are not covered"
r1-p4-following-writes-class-not-walked	unlisted - every write in jigc that follows a link	no-lost-files	unclear	verified	refuted		10	breaks-no-clause — the class is real and has two more members (`jigc config fill` and `jigc config set` write through a committed link at exit 0, replacing 43 untracked bytes; identical on 1.0.0-rc.24), but bytes the user did not ask to replace are reached only by a link deliberately aimed at unrelated content, which the first clause's scope excludes as a planted state; every other git-deliverable destination driven refuses or merges and keeps the bytes
r1-p4-staging-area-writers-root-and-linux-not-driven	jigc doc list	working-product	unclear	halted			3	No verdict: the finding's two conditions (a Linux kernel, a root caller) could be neither driven nor reconstructed with the handed binaries; only the reader's half of its mixed-caller sequence was reconstructed, and there candidate and 1.0.0-rc.24 agree in all 21 cells.
r1-p4-finalize-refuses-tracked-link-home-previous-release-landed	jigc task finalize	working-product	unclear	verified	refuted		4	intended — the exit 3 reproduces (candidate 3 and 3; previous release 4 then 0), and it is the settled refusal `store.home-not-regular-file` (design/finalize.md → 4. Promote, (R6, D-7), whose live-link edit path is this cell; DECISIONS.md 2026-10-06, One code for a managed home that is not an ordinary file). The printed route was driven to its end twice on the candidate and landed both times (exit 4, then exit 0, the doc committed as a regular file). A tracked link at a managed home is a hand plant and no supported layout, and the previous release's exit 0 landed no doc: as written the staged doc is byte-identical to the committed one, and with a real edit it wrote the edit through the link into the link's target, uncommitted, committing only the foreign note's deletion.
r1-p4-finalize-approve-read-only-destination-raw-os-error	jigc task finalize	working-product	unclear	verified	refuted		9	"breaks-no-clause — the refusal reproduces exactly (exit 1, raw OS error, two absolute host paths, no code on the text arm), but the route it prints is ""Resolve the cause above, then re-run `…`"" and works as printed: after `chmod u+w` on the destination the printed re-run exits 0 in all three groups and the variant; rc.24 gives the same exit in all 28 cells and byte-identical streams (56 of 56, rig path and short hash normalised), so nothing that worked stops working. The absolute paths in the cause line are a real surface defect that no clause reaches; the row stays in the ledger."
r1-p4-tracked-path-under-task-staging-area-git-writer	unlisted - the git processes jigc spawns, as writers into a task's staging area	no-lost-files	unclear	verified	refuted		8	breaks-no-clause — the write is real on a planted state (a path force-added past .jigc/.gitignore and committed, plus an edit of git's copy staged in a sub-task worktree): `jigc milestone finalize` exits 0 and its `git merge --ff-only` replaces the open task's staged doc, but only bytes the plant's own commit holds (same sha256), committing only what was staged; where the staged doc held bytes no git object holds the same door refused (exit 1, nothing committed, HEAD unmoved, area byte-identical). With the forced add alone, 12 reads of the area around every git-spawning door driven were unchanged. Same on rc.24: identical exit in all 63 cells, 125 of 126 streams byte-identical.
r1-p4-milestone-staged-prose-route-not-staged-unreadable-doc	jigc milestone discard	working-product	unclear	verified	refuted		9	"breaks-no-clause — the behaviour reproduces exactly (the refusal names `research:locked` as staged; its printed read route `jigc doc show research:locked --task area-low` exits 1 with `store.not-staged`), but nothing that works on the previous release stops working (16 of 16 invocations byte-identical there) and the route fails only over a staged file made unreadable by hand (`chmod 000`), which I read as outside the second clause's ""supported layout"" reach; that reading is mine, the run declares no bound, and if the route half is read without a reach term the finding is confirmed with regression false."
r1-p4-milestone-finalize-missing-provenance-route-no-command	jigc milestone finalize	working-product	unclear	verified	refuted		8	"breaks-no-clause — reproduces byte for byte (exit 1, `join.missing-provenance`, the route a sentence with no command), but that is the Human route kind the route floor defines, no printed command fails, and all 22 paired invocations are byte-identical on the previous release; the real defect left on the ledger is the route's wording, which does not say the unrecorded body must leave the staging area first. The verdict rests on reading ""works as printed"" as ""what is printed to be run, runs""; the purposive reading is argued in the report for triage to weigh."
