# Intended changes since jigc 1.0.0-rc.24 (tag jigc-v1.0.0-rc.24, commit 91834b5e) — the list
# dev/regression-set reads, out of the candidate's commit: every test of that release's own
# suite that passes on its binary and fails on the candidate's must be a row here, or the
# check is red; and every test that fails on its own binary must be an exclusion row here,
# or the check is not green.
#
# One row per test, FOUR fields with ONE TAB between each, and no space around a field:
#
#     <binary>  <test>  <what changed, in one line>  <pointer>
#
# A pointer is `commit:<full sha>` — a commit the candidate holds and the release does not —
# or `ruling:<path>#<the opening words of exactly one heading of that file>`. An EXCLUSION
# ROW has the same four fields: its third says why the test fails on its own binary, and
# its pointer is `excluded:<path>` — a committed line of this tool, of a run against the
# same release, that names the test among those that failed there. A row that points at
# nothing is refused, and the whole list with it (`dev/regression-set --help`).
#
# Seeded 2026-10-06 from the measurement of the same day (the 21 tests of its table), each
# row checked against the record of the fix pass before it was copied: DECISIONS.md, and
# completions/artifacts/M55/fix-pass-rc25/.
jigc::g_config	flow19_planning_encode::flow19_warm_append_over_an_oob_drifted_singleton_conflict_blocks_at_finalize	an uncommitted edit made before a task's first write is carried into the staged copy and lands, with or without a recorded baseline — the ruling's consequence 1, built at 0f34d8f0; `task finalize` exits 0 with `reconciliation.absorb` where the old test expects a conflict block	ruling:DECISIONS.md#2026-10-05 — rc.24 fix pass, the copied-in witness
jigc::g_item	singleton_running_doc::warm_edit_over_an_oob_drifted_singleton_conflict_blocks_at_finalize	an uncommitted edit made before a task's first write is carried into the staged copy and lands, with or without a recorded baseline — the ruling's consequence 1, built at 0f34d8f0; `task finalize` exits 0 with `reconciliation.absorb` where the old test expects a conflict block	ruling:DECISIONS.md#2026-10-05 — rc.24 fix pass, the copied-in witness
jigc::g_finalize	reconciliation_baseline_contrast::a_lost_file_state_baseline_turns_a_conflict_block_into_a_silent_merge	the old test pins the rc.24 defect itself — one sequence, two outcomes, decided by a gitignored cache: with the baseline held, the edit made before the first write now lands (exit 3 → 0) — the ruling's consequence 1, built at 0f34d8f0 after eb18e5fe renamed the test	ruling:DECISIONS.md#2026-10-05 — rc.24 fix pass, the copied-in witness
jigc::g_flow	flow49_acceptance::a_lost_baseline_switches_off_the_never_silently_merged_guarantee	the old test pins the rc.24 defect itself — one sequence, two outcomes, decided by a gitignored cache: with the baseline held, the edit made before the first write now lands (exit 3 → 0) — the ruling's consequence 1, built at 0f34d8f0 after eb18e5fe renamed the test	ruling:DECISIONS.md#2026-10-05 — rc.24 fix pass, the copied-in witness
jigc::g_finalize	pre_guard_repair_route::the_migration_source_route_does_not_promise_a_review_it_does_not_get	a migration whose source was edited after the mint is refused under `reconciliation.conflict-block`, keyed at the source, and routed to `task discard --force` and a new `migrate`; the old test pins the `jigc unmanage <source>` route	commit:4ba04efc91cc0047efda1108373b48281708b5ff
jigc::g_flow	flow48_acceptance::the_guide_artifact_is_installed_replaced_and_never_clobbered	the guide's ownership oracle answers for the whole file, not its body: a copy whose front matter differs from what the running build would assemble reads as the adopter's and is left as it is; the old fixture moves the `jigc-version:` line alone and expects `setup` to replace the file	commit:33620081b09a936cfcc6d7f9f1532414a6936bff
jigc::g_migrate	adapter_artifact::a_pristine_stale_stamped_guide_is_replaced_and_restamped	the guide's ownership oracle answers for the whole file, not its body: a copy whose front matter differs from what the running build would assemble reads as the adopter's and is left as it is; the old fixture is a hand-assembled stale guide with a true body hash, and expects a re-stamp	commit:33620081b09a936cfcc6d7f9f1532414a6936bff
jigc::g_migrate	setup_install_pathspec_guard::an_owned_guide_artifact_is_not_a_subject_of_the_guard	the guide's ownership oracle answers for the whole file, not its body: a copy whose front matter differs from what the running build would assemble reads as the adopter's and is left as it is; the old fixture is a tracked guide with only the stamp line moved, and expects the install to replace it	commit:33620081b09a936cfcc6d7f9f1532414a6936bff
jigc::g_flow	flow52_acceptance::a_refused_transaction_restores_its_config_layer_writes_without_overwriting_a_concurrent_edit	`task finalize` refreshes `.jigc/version` only where it is jigc's to write — absent, or a regular file holding the one `jigc-version:` line; the old fixture's stamp is neither, so it is left unwritten and unstaged, and one pre-image is parked where the old test counts two	commit:104a7d4b47ff8d56d35e767fc73d24b6d3a5d6ca
jigc::g_migrate	config_layer_preimage::a_path_jigc_never_wrote_is_neither_restored_nor_reported	`task finalize` refreshes `.jigc/version` only where it is jigc's to write — absent, or a regular file holding the one `jigc-version:` line; the old fixture's stamp is neither, so it is left unwritten and unstaged, and no rollback conflict is reported where the old test expects the stamp's	commit:104a7d4b47ff8d56d35e767fc73d24b6d3a5d6ca
jigc::g_migrate	config_layer_preimage::every_config_layer_pathspec_carries_a_disposition	`task finalize` refreshes `.jigc/version` only where it is jigc's to write — absent, or a regular file holding the one `jigc-version:` line; the old fixture's stamp is neither, so it is left unwritten and unstaged, so `.jigc/version` is not among the stage's pathspecs	commit:104a7d4b47ff8d56d35e767fc73d24b6d3a5d6ca
jigc::g_migrate	config_layer_preimage::the_manufactured_shape_space_holds_over_both_files	`task finalize` refreshes `.jigc/version` only where it is jigc's to write — absent, or a regular file holding the one `jigc-version:` line; the old fixture's stamp is neither, so it is left unwritten and unstaged, and one pre-image is parked where the old cell expects both	commit:104a7d4b47ff8d56d35e767fc73d24b6d3a5d6ca
jigc::g_migrate	setup::setup_writes_compose_embedded_methodology_marker	`setup` in a repository with no commit refuses over an untracked file at a path it replaces, a pre-seeded `.jigc/config/packs.yaml` among them (`setup.dirty-install-path`; exit 0 → refused) — built at dc0d7586, and kept by the ruling's item 2	ruling:DECISIONS.md#2026-10-04 — rc.24 fix pass, two rulings after the first fixes
jigc::g_migrate	version_stamp_rollback::a_hook_rejected_finalize_restores_a_staged_blob_at_a_promotion_destination	an identity git holds is occupied: a `created` doc over a home the index holds a blob at blocks under `finalize.promote-clobber` (`task finalize` 0 → 3), before the commit phase the old test needs its hook to reject	commit:78e8ded11df55f6e8e3a453bdff36affc6529b18
jigc::g_milestone	cwd_verb_subject::uninstall_removes_the_workbench_home_install_from_every_cwd	wording only: the `uninstall` ack says it dropped git's registrations of the fan-out worktrees, where the old test reads *pruned*	commit:dcfa40f0f83cabd3123e7d198988965a2a4d25af
jigc::g_milestone	leftover_probe_fail_closed::a_teardown_that_removed_nothing_narrates_nothing	the teardown names each open work unit whose bookkeeping it takes, as a warning before it removes anything; the old test holds a failed `uninstall` to a stderr that claims nothing — the commit's message names this test as going red	commit:1b1d765611e5ddab1d88e3273ade8f74b065ecd6
jigc::g_milestone	milestone::milestone_finalize_warns_on_a_leaked_worktree_but_still_succeeds	no repository-wide `git worktree prune` remains, and the leaked-worktree warning's remedy is `git worktree unlock` then `git worktree remove --force` for that one path, where the old test reads the prune; no exit code moved	commit:8c1596227150ab17acc455c66e007ae93618e208
jigc::g_milestone	milestone_landed_attribution::a_path_landed_by_two_chain_commits_is_one_manifest_entry_owned_by_the_last	a promotion never replaces a file a sub-task worktree staged at its home: `milestone finalize` blocks under `finalize.promote-clobber`, keyed at the path (exit 0 → 3)	commit:048724d0a6393707d4dd9b32088ca62cc86a34fe
jigc::g_milestone	milestone_record_stale_base::stale_base_routes_finalize_without_committing	a record door with no baseline compares the record against `HEAD`: the old fixture's uncommitted rewrite of the record blocks under `reconciliation.conflict-block`, where the old test expects the stale-base finding — a refusal either way	commit:8d9c3afba71d8707554643c2e26162fff4697fc3
jigc::g_doc	clap_error_kind_axis::every_producible_kind_is_reached_by_driving_its_probe	not a behaviour difference: the test compares the binary's `--help` with the render of the previous release's own `cli` library, linked into the test, and the fix pass reworded the `setup` and `uninstall` help paragraphs — first at this commit	commit:12398ddccccbe75810a087a0ff6e8d108fcd831a
jigc::g_doc	clap_error_kind_axis::every_producible_kind_holds_with_the_invocation_log_on	not a behaviour difference: the test compares the binary's `--help` with the render of the previous release's own `cli` library, linked into the test, and the fix pass reworded the `setup` and `uninstall` help paragraphs — first at this commit	commit:12398ddccccbe75810a087a0ff6e8d108fcd831a
#
# Added 2026-10-07, after the eleven pre-opening fixes were merged (b33bf39b): the one test
# the run on that tree named off the list (run 2 of the record beside this file), checked
# against its fix's commit and the human's ruling for the item.
jigc::g_migrate	setup::setup_commits_the_pre_commit_hook_iff_it_is_a_working_tree_file	`setup` records the settings entries it added in one committed file, `.jigc/settings-entries.json`, so the install commit carries nine paths where the old test pins exactly eight — the human's ruling on the fix pass's item 21 (option B), built at 1c7d391c	ruling:DECISIONS.md#2026-10-06 — `jigc setup` records the settings entries it adds
#
# EXCLUSION ROWS, added 2026-10-07: the eleven tests that fail on their own binary, each as
# run 2's baseline report says it fails (run-2.md beside this file). Whether a test reaches
# the binary is the calibration of run 1's record (README.md), taken as recorded.
jigc::g_config	set_kind_vocabulary::no_schema_hash_moved_and_the_pinned_projection_is_byte_identical	the previous release is built from `git archive`, and an archive is no repository: the test asks `git ls-tree -r HEAD` in its own source tree — and it REACHES THE BINARY (the calibration of run 1's record), so this row is coverage the check does not have	excluded:completions/artifacts/M55/stabilization-build/regression-set/run-2-result.json
jigc::g_config	stated_at_fence::every_declared_where_reachable_row_is_declared_by_the_step_it_names	the previous release is built from `git archive`, and an archive is no repository: the test asks `git ls-files` in its own source tree; it does not reach the binary	excluded:completions/artifacts/M55/stabilization-build/regression-set/run-2-result.json
jigc::g_finalize	manifest_freeze_fence::historical::the_fixture_commits_are_reachable_and_a_whole_push_apart	the previous release is built from `git archive`, and an archive is no repository: the test needs the commit 2c5eee5 of this repository's history, unreachable there; it does not reach the binary	excluded:completions/artifacts/M55/stabilization-build/regression-set/run-2-result.json
jigc::g_finalize	manifest_freeze_fence::historical::the_head_tilde_one_window_at_the_push_tip_is_clean	the previous release is built from `git archive`, and an archive is no repository: the test needs the commit 7ada302 of this repository's history, unreachable there; it does not reach the binary	excluded:completions/artifacts/M55/stabilization-build/regression-set/run-2-result.json
jigc::g_finalize	manifest_freeze_fence::historical::the_repin_of_all_sixteen_is_flagged_over_the_pushed_range	the previous release is built from `git archive`, and an archive is no repository: the test needs the commit 2c5eee5~1 of this repository's history, unreachable there; it does not reach the binary	excluded:completions/artifacts/M55/stabilization-build/regression-set/run-2-result.json
jigc::g_finalize	manifest_freeze_fence::record::every_home_states_what_is_now_fenced	the previous release is built from `git archive`, and an archive is no repository: the test asks `git ls-files` in its own source tree; it does not reach the binary	excluded:completions/artifacts/M55/stabilization-build/regression-set/run-2-result.json
jigc::g_finalize	manifest_freeze_fence::record::no_home_still_says_the_rule_is_unfenced	the previous release is built from `git archive`, and an archive is no repository: the test asks `git ls-files` in its own source tree; it does not reach the binary	excluded:completions/artifacts/M55/stabilization-build/regression-set/run-2-result.json
jigc::g_migrate	dev_gate_report::a_clean_denylist_says_clean	the previous release is built from `git archive`, and an archive is no repository: the test runs the old `dev/gate`, whose hygiene scan reads git's range and tree and so does not say it ran; it does not reach the binary	excluded:completions/artifacts/M55/stabilization-build/regression-set/run-2-result.json
jigc::g_migrate	dev_gate_report::a_denylist_hit_is_named_by_location_and_never_by_content	the previous release is built from `git archive`, and an archive is no repository: the test runs the old `dev/gate`, whose hygiene scan reads git's range and tree and so reports no hit; it does not reach the binary	excluded:completions/artifacts/M55/stabilization-build/regression-set/run-2-result.json
jigc::g_migrate	install_line::the_install_line_has_one_owner_one_copy_and_one_derived_file	the previous release is built from `git archive`, and an archive is no repository: the test asks `git ls-files`; it does not reach the binary	excluded:completions/artifacts/M55/stabilization-build/regression-set/run-2-result.json
jigc::g_migrate	package_contents::every_tracked_file_under_the_published_dirs_is_published	the previous release is built from `git archive`, and an archive is no repository: the test asks `git ls-files` under the published directories; it does not reach the binary	excluded:completions/artifacts/M55/stabilization-build/regression-set/run-2-result.json
